"","frequency","pct"
"Adult",2628,0.835612082670906
"Senior (60+)",430,0.136724960254372
"Unknown",82,0.0260731319554849
"Minor (under 18)",5,0.00158982511923688
