"","frequency","pct"
"FALSE",2534,0.805723370429253
"TRUE",611,0.194276629570747
