"","frequency","pct"
"FALSE",644,0.515612489991994
"TRUE",605,0.484387510008006
