"","frequency","pct"
"FALSE",1852,0.806269046582499
"TRUE",445,0.193730953417501
