"","frequency","pct"
"TRUE",843,0.633834586466165
"FALSE",487,0.366165413533835
