"","frequency","pct"
"F",1782,0.566613672496025
"M",1348,0.428616852146264
"Unknown",11,0.00349761526232114
"O",4,0.00127186009538951
