"","frequency","pct"
"FALSE",2169,0.932101418134938
"TRUE",158,0.0678985818650623
