"","frequency","pct"
"TRUE",837,0.615894039735099
"FALSE",522,0.384105960264901
