"","frequency","pct"
"FALSE",2251,0.958280119199659
"TRUE",98,0.0417198808003406
