"","frequency","pct"
"UD",1594,0.506836248012719
"Notice",1114,0.354213036565978
"Unknown",424,0.134817170111288
"Stay of Eviction",13,0.0041335453100159
