"","frequency","pct"
"Move",1073,0.755102040816326
"Pay and stay",348,0.244897959183673
