"","frequency","pct"
"FALSE",725,0.633187772925764
"TRUE",420,0.366812227074236
