"","frequency","pct"
"FALSE",2196,0.993665158371041
"TRUE",14,0.00633484162895928
