"","frequency","pct"
"TRUE",1531,0.655393835616438
"FALSE",805,0.344606164383562
